# Omniglot characters mapped to Unicode code points, made by hand from the drawings.
# Columns: alphabet, character number (the characterNN folder), code point, note.
# An empty code point means the character is not used; the note says why.
# Latin, Greek and Cyrillic are the lowercase letters in alphabetical order; Hebrew uses
# the non-final letter forms; Jawi follows the standard 40-letter Jawi order.
# Old Church Slavonic uses the capital code point where the drawn shape is the capital.
Latin	1	U+0061	
Latin	2	U+0062	
Latin	3	U+0063	
Latin	4	U+0064	
Latin	5	U+0065	
Latin	6	U+0066	
Latin	7	U+0067	
Latin	8	U+0068	
Latin	9	U+0069	
Latin	10	U+006A	
Latin	11	U+006B	
Latin	12	U+006C	
Latin	13	U+006D	
Latin	14	U+006E	
Latin	15	U+006F	
Latin	16	U+0070	
Latin	17	U+0071	
Latin	18	U+0072	
Latin	19	U+0073	
Latin	20	U+0074	
Latin	21	U+0075	
Latin	22	U+0076	
Latin	23	U+0077	
Latin	24	U+0078	
Latin	25	U+0079	
Latin	26	U+007A	
Greek	1	U+03B1	
Greek	2	U+03B2	
Greek	3	U+03B3	
Greek	4	U+03B4	
Greek	5	U+03B5	
Greek	6	U+03B6	
Greek	7	U+03B7	
Greek	8	U+03B8	
Greek	9	U+03B9	
Greek	10	U+03BA	
Greek	11	U+03BB	
Greek	12	U+03BC	
Greek	13	U+03BD	
Greek	14	U+03BE	
Greek	15	U+03BF	
Greek	16	U+03C0	
Greek	17	U+03C1	
Greek	18	U+03C3	
Greek	19	U+03C4	
Greek	20	U+03C5	
Greek	21	U+03C6	
Greek	22	U+03C7	
Greek	23	U+03C8	
Greek	24	U+03C9	
Cyrillic	1	U+0430	
Cyrillic	2	U+0431	
Cyrillic	3	U+0432	
Cyrillic	4	U+0433	
Cyrillic	5	U+0434	
Cyrillic	6	U+0435	
Cyrillic	7	U+0451	
Cyrillic	8	U+0436	
Cyrillic	9	U+0437	
Cyrillic	10	U+0438	
Cyrillic	11	U+0439	
Cyrillic	12	U+043A	
Cyrillic	13	U+043B	
Cyrillic	14	U+043C	
Cyrillic	15	U+043D	
Cyrillic	16	U+043E	
Cyrillic	17	U+043F	
Cyrillic	18	U+0440	
Cyrillic	19	U+0441	
Cyrillic	20	U+0442	
Cyrillic	21	U+0443	
Cyrillic	22	U+0444	
Cyrillic	23	U+0445	
Cyrillic	24	U+0446	
Cyrillic	25	U+0447	
Cyrillic	26	U+0448	
Cyrillic	27	U+0449	
Cyrillic	28	U+044A	
Cyrillic	29	U+044B	
Cyrillic	30	U+044C	
Cyrillic	31	U+044D	
Cyrillic	32	U+044E	
Cyrillic	33	U+044F	
Hebrew	1	U+05D0	
Hebrew	2	U+05D1	
Hebrew	3	U+05D2	
Hebrew	4	U+05D3	
Hebrew	5	U+05D4	
Hebrew	6	U+05D5	
Hebrew	7	U+05D6	
Hebrew	8	U+05D7	
Hebrew	9	U+05D8	
Hebrew	10	U+05D9	
Hebrew	11	U+05DB	
Hebrew	12	U+05DC	
Hebrew	13	U+05DE	
Hebrew	14	U+05E0	
Hebrew	15	U+05E1	
Hebrew	16	U+05E2	
Hebrew	17	U+05E4	
Hebrew	18	U+05E6	
Hebrew	19	U+05E7	
Hebrew	20	U+05E8	
Hebrew	21	U+05E9	
Hebrew	22	U+05EA	
Malay_(Jawi_-_Arabic)	1	U+0627	
Malay_(Jawi_-_Arabic)	2	U+0628	
Malay_(Jawi_-_Arabic)	3	U+062A	
Malay_(Jawi_-_Arabic)	4	U+0629	
Malay_(Jawi_-_Arabic)	5	U+062B	
Malay_(Jawi_-_Arabic)	6	U+062C	
Malay_(Jawi_-_Arabic)	7	U+062D	
Malay_(Jawi_-_Arabic)	8	U+0686	
Malay_(Jawi_-_Arabic)	9	U+062E	
Malay_(Jawi_-_Arabic)	10	U+062F	
Malay_(Jawi_-_Arabic)	11	U+0630	
Malay_(Jawi_-_Arabic)	12	U+0631	
Malay_(Jawi_-_Arabic)	13	U+0632	
Malay_(Jawi_-_Arabic)	14	U+0633	
Malay_(Jawi_-_Arabic)	15	U+0634	
Malay_(Jawi_-_Arabic)	16	U+0635	
Malay_(Jawi_-_Arabic)	17	U+0636	
Malay_(Jawi_-_Arabic)	18	U+0637	
Malay_(Jawi_-_Arabic)	19	U+0638	
Malay_(Jawi_-_Arabic)	20	U+0639	
Malay_(Jawi_-_Arabic)	21	U+063A	
Malay_(Jawi_-_Arabic)	22	U+06A0	
Malay_(Jawi_-_Arabic)	23	U+0641	
Malay_(Jawi_-_Arabic)	24	U+06A4	
Malay_(Jawi_-_Arabic)	25	U+0642	
Malay_(Jawi_-_Arabic)	26	U+06A9	
Malay_(Jawi_-_Arabic)	27	U+0762	
Malay_(Jawi_-_Arabic)	28	U+0644	
Malay_(Jawi_-_Arabic)	29		excluded: drawings are unclear (expected MEEM by alphabet order, but they look like HAH)
Malay_(Jawi_-_Arabic)	30	U+0646	
Malay_(Jawi_-_Arabic)	31	U+0648	
Malay_(Jawi_-_Arabic)	32	U+06CF	
Malay_(Jawi_-_Arabic)	33	U+0647	
Malay_(Jawi_-_Arabic)	34	U+064A	
Malay_(Jawi_-_Arabic)	35	U+06BD	
Malay_(Jawi_-_Arabic)	36	U+0621	
Malay_(Jawi_-_Arabic)	37	U+0623	
Malay_(Jawi_-_Arabic)	38	U+0625	
Malay_(Jawi_-_Arabic)	39	U+0626	
Malay_(Jawi_-_Arabic)	40		excluded: identity unclear (a lam-like letter; possibly a lam-alef variant)
Old_Church_Slavonic_(Cyrillic)	1	U+0430	
Old_Church_Slavonic_(Cyrillic)	2	U+0411	
Old_Church_Slavonic_(Cyrillic)	3	U+0412	
Old_Church_Slavonic_(Cyrillic)	4	U+0413	
Old_Church_Slavonic_(Cyrillic)	5	U+0414	
Old_Church_Slavonic_(Cyrillic)	6	U+0415	
Old_Church_Slavonic_(Cyrillic)	7	U+0416	
Old_Church_Slavonic_(Cyrillic)	8	U+0405	
Old_Church_Slavonic_(Cyrillic)	9	U+0417	
Old_Church_Slavonic_(Cyrillic)	10	U+A640	
Old_Church_Slavonic_(Cyrillic)	11		excluded: early form of IZHE drawn like H; modern fonts draw И
Old_Church_Slavonic_(Cyrillic)	12	U+0406	
Old_Church_Slavonic_(Cyrillic)	13	U+041A	
Old_Church_Slavonic_(Cyrillic)	14		excluded: early form of EL drawn like Λ; modern fonts draw Л
Old_Church_Slavonic_(Cyrillic)	15		excluded: early form of EM; drawings do not match modern М
Old_Church_Slavonic_(Cyrillic)	16		excluded: early form of EN drawn like N; modern fonts draw Н
Old_Church_Slavonic_(Cyrillic)	17	U+041E	
Old_Church_Slavonic_(Cyrillic)	18	U+041F	
Old_Church_Slavonic_(Cyrillic)	19	U+0420	
Old_Church_Slavonic_(Cyrillic)	20	U+0421	
Old_Church_Slavonic_(Cyrillic)	21	U+0422	
Old_Church_Slavonic_(Cyrillic)	22	U+0478	
Old_Church_Slavonic_(Cyrillic)	23	U+A64B	
Old_Church_Slavonic_(Cyrillic)	24	U+0444	
Old_Church_Slavonic_(Cyrillic)	25	U+0425	
Old_Church_Slavonic_(Cyrillic)	26	U+0460	
Old_Church_Slavonic_(Cyrillic)	27	U+0426	
Old_Church_Slavonic_(Cyrillic)	28	U+0427	
Old_Church_Slavonic_(Cyrillic)	29	U+0428	
Old_Church_Slavonic_(Cyrillic)	30		excluded: early form of SHCHA drawn like Ψ; modern fonts draw Щ
Old_Church_Slavonic_(Cyrillic)	31	U+042A	
Old_Church_Slavonic_(Cyrillic)	32	U+0462	
Old_Church_Slavonic_(Cyrillic)	33	U+042E	
Old_Church_Slavonic_(Cyrillic)	34	U+A656	
Old_Church_Slavonic_(Cyrillic)	35	U+0466	
Old_Church_Slavonic_(Cyrillic)	36	U+0468	
Old_Church_Slavonic_(Cyrillic)	37	U+046A	
Old_Church_Slavonic_(Cyrillic)	38	U+046C	
Old_Church_Slavonic_(Cyrillic)	39	U+046E	
Old_Church_Slavonic_(Cyrillic)	40	U+0470	
Old_Church_Slavonic_(Cyrillic)	41	U+0472	
Old_Church_Slavonic_(Cyrillic)	42	U+0474	
Old_Church_Slavonic_(Cyrillic)	43	U+0464	
Old_Church_Slavonic_(Cyrillic)	44		excluded: identity unclear (DJERV or TSHE)
Old_Church_Slavonic_(Cyrillic)	45	U+047E	
